timeStamp,elapsed,label,responseCode,responseMessage,threadName,dataType,success,failureMessage,bytes,sentBytes,grpThreads,allThreads,URL,Latency,IdleTime,Connect
1717019306188,521,config 3,200,OK,config 3 ($ 5000) 3-1,text,true,,231,158,5,15,http://localhost:1337/?token=492521296&user=2129794066&config=3,521,0,0
1717019306188,526,config 3,200,OK,config 3 ($ 5000) 3-2,text,true,,231,158,5,15,http://localhost:1337/?token=492521296&user=2129794066&config=3,526,0,0
1717019306188,526,config 3,200,OK,config 3 ($ 5000) 3-3,text,true,,231,158,5,15,http://localhost:1337/?token=492521296&user=2129794066&config=3,526,0,0
1717019306188,527,config 3,200,OK,config 3 ($ 5000) 3-4,text,true,,231,158,5,15,http://localhost:1337/?token=492521296&user=2129794066&config=3,527,0,1
1717019306189,526,config 3,200,OK,config 3 ($ 5000) 3-5,text,true,,231,158,5,15,http://localhost:1337/?token=492521296&user=2129794066&config=3,526,0,0
1717019306187,826,config 2,200,OK,config 2 ($ 3700) 2-1,text,true,,231,158,5,15,http://localhost:1337/?token=492521296&user=2129794066&config=2,826,0,0
1717019306187,827,config 2,200,OK,config 2 ($ 3700) 2-4,text,true,,231,158,5,15,http://localhost:1337/?token=492521296&user=2129794066&config=2,827,0,1
1717019306187,826,config 2,200,OK,config 2 ($ 3700) 2-2,text,true,,231,158,5,15,http://localhost:1337/?token=492521296&user=2129794066&config=2,826,0,0
1717019306187,828,config 2,200,OK,config 2 ($ 3700) 2-3,text,true,,231,158,5,15,http://localhost:1337/?token=492521296&user=2129794066&config=2,828,0,0
1717019306187,857,config 2,200,OK,config 2 ($ 3700) 2-5,text,false,"The operation lasted too long: It took 857 milliseconds, but should not have lasted longer than 840 milliseconds.",231,158,5,15,http://localhost:1337/?token=492521296&user=2129794066&config=2,857,0,1
1717019306715,362,config 3,200,OK,config 3 ($ 5000) 3-3,text,true,,231,158,5,15,http://localhost:1337/?token=492521296&user=2129794066&config=3,362,0,0
1717019306714,363,config 3,200,OK,config 3 ($ 5000) 3-1,text,true,,231,158,5,15,http://localhost:1337/?token=492521296&user=2129794066&config=3,363,0,0
1717019306715,363,config 3,200,OK,config 3 ($ 5000) 3-2,text,true,,231,158,5,15,http://localhost:1337/?token=492521296&user=2129794066&config=3,363,0,0
1717019306715,364,config 3,200,OK,config 3 ($ 5000) 3-4,text,true,,231,158,5,15,http://localhost:1337/?token=492521296&user=2129794066&config=3,364,0,0
1717019306715,365,config 3,200,OK,config 3 ($ 5000) 3-5,text,true,,231,158,5,15,http://localhost:1337/?token=492521296&user=2129794066&config=3,365,0,0
1717019306187,1343,config1,200,OK,config 1 ($ 3700) 1-2,text,false,"The operation lasted too long: It took 1,343 milliseconds, but should not have lasted longer than 840 milliseconds.",231,158,5,15,http://localhost:1337/?token=492521296&user=2129794066&config=1,1343,0,0
1717019306187,1344,config1,200,OK,config 1 ($ 3700) 1-3,text,false,"The operation lasted too long: It took 1,344 milliseconds, but should not have lasted longer than 840 milliseconds.",231,158,5,15,http://localhost:1337/?token=492521296&user=2129794066&config=1,1344,0,0
1717019306187,1345,config1,200,OK,config 1 ($ 3700) 1-4,text,false,"The operation lasted too long: It took 1,345 milliseconds, but should not have lasted longer than 840 milliseconds.",231,158,5,15,http://localhost:1337/?token=492521296&user=2129794066&config=1,1345,0,0
1717019306187,1345,config1,200,OK,config 1 ($ 3700) 1-5,text,false,"The operation lasted too long: It took 1,345 milliseconds, but should not have lasted longer than 840 milliseconds.",231,158,5,15,http://localhost:1337/?token=492521296&user=2129794066&config=1,1345,0,0
1717019307077,456,config 3,200,OK,config 3 ($ 5000) 3-1,text,true,,231,158,5,15,http://localhost:1337/?token=492521296&user=2129794066&config=3,456,0,0
1717019307077,456,config 3,200,OK,config 3 ($ 5000) 3-3,text,true,,231,158,5,15,http://localhost:1337/?token=492521296&user=2129794066&config=3,456,0,0
1717019307079,454,config 3,200,OK,config 3 ($ 5000) 3-4,text,true,,231,158,5,15,http://localhost:1337/?token=492521296&user=2129794066&config=3,454,0,0
1717019307080,453,config 3,200,OK,config 3 ($ 5000) 3-5,text,true,,231,158,5,15,http://localhost:1337/?token=492521296&user=2129794066&config=3,453,0,0
1717019306187,1343,config1,200,OK,config 1 ($ 3700) 1-1,text,false,"The operation lasted too long: It took 1,343 milliseconds, but should not have lasted longer than 840 milliseconds.",231,158,5,15,http://localhost:1337/?token=492521296&user=2129794066&config=1,1343,0,0
1717019307078,455,config 3,200,OK,config 3 ($ 5000) 3-2,text,true,,231,158,5,15,http://localhost:1337/?token=492521296&user=2129794066&config=3,455,0,0
1717019307014,762,config 2,200,OK,config 2 ($ 3700) 2-4,text,true,,231,158,5,15,http://localhost:1337/?token=492521296&user=2129794066&config=2,762,0,0
1717019307015,761,config 2,200,OK,config 2 ($ 3700) 2-2,text,true,,231,158,5,15,http://localhost:1337/?token=492521296&user=2129794066&config=2,761,0,0
1717019307014,762,config 2,200,OK,config 2 ($ 3700) 2-1,text,true,,231,158,5,15,http://localhost:1337/?token=492521296&user=2129794066&config=2,762,0,0
1717019307015,762,config 2,200,OK,config 2 ($ 3700) 2-3,text,true,,231,158,5,15,http://localhost:1337/?token=492521296&user=2129794066&config=2,762,0,0
1717019307045,755,config 2,200,OK,config 2 ($ 3700) 2-5,text,true,,231,158,5,15,http://localhost:1337/?token=492521296&user=2129794066&config=2,755,0,0
1717019307533,364,config 3,200,OK,config 3 ($ 5000) 3-4,text,true,,231,158,5,15,http://localhost:1337/?token=492521296&user=2129794066&config=3,364,0,0
1717019307533,364,config 3,200,OK,config 3 ($ 5000) 3-1,text,true,,231,158,5,15,http://localhost:1337/?token=492521296&user=2129794066&config=3,364,0,0
1717019307533,366,config 3,200,OK,config 3 ($ 5000) 3-3,text,true,,231,158,5,15,http://localhost:1337/?token=492521296&user=2129794066&config=3,366,0,0
1717019307534,368,config 3,200,OK,config 3 ($ 5000) 3-2,text,true,,231,158,5,15,http://localhost:1337/?token=492521296&user=2129794066&config=3,368,0,0
1717019307533,370,config 3,200,OK,config 3 ($ 5000) 3-5,text,true,,231,158,5,15,http://localhost:1337/?token=492521296&user=2129794066&config=3,370,0,0
1717019307897,449,config 3,200,OK,config 3 ($ 5000) 3-4,text,true,,231,158,5,15,http://localhost:1337/?token=492521296&user=2129794066&config=3,449,0,0
1717019307897,449,config 3,200,OK,config 3 ($ 5000) 3-1,text,true,,231,158,5,15,http://localhost:1337/?token=492521296&user=2129794066&config=3,449,0,0
1717019307903,443,config 3,200,OK,config 3 ($ 5000) 3-5,text,true,,231,158,5,15,http://localhost:1337/?token=492521296&user=2129794066&config=3,443,0,0
1717019307899,447,config 3,200,OK,config 3 ($ 5000) 3-3,text,true,,231,158,5,15,http://localhost:1337/?token=492521296&user=2129794066&config=3,447,0,0
1717019307902,444,config 3,200,OK,config 3 ($ 5000) 3-2,text,true,,231,158,5,15,http://localhost:1337/?token=492521296&user=2129794066&config=3,444,0,0
1717019307777,775,config 2,200,OK,config 2 ($ 3700) 2-1,text,true,,231,158,5,15,http://localhost:1337/?token=492521296&user=2129794066&config=2,775,0,0
1717019307777,775,config 2,200,OK,config 2 ($ 3700) 2-2,text,true,,231,158,5,15,http://localhost:1337/?token=492521296&user=2129794066&config=2,775,0,0
1717019307777,776,config 2,200,OK,config 2 ($ 3700) 2-3,text,true,,231,158,5,15,http://localhost:1337/?token=492521296&user=2129794066&config=2,776,0,0
1717019307777,777,config 2,200,OK,config 2 ($ 3700) 2-4,text,true,,231,158,5,15,http://localhost:1337/?token=492521296&user=2129794066&config=2,777,0,0
1717019307801,775,config 2,200,OK,config 2 ($ 3700) 2-5,text,true,,231,158,5,15,http://localhost:1337/?token=492521296&user=2129794066&config=2,775,0,0
1717019307532,1164,config1,200,OK,config 1 ($ 3700) 1-5,text,false,"The operation lasted too long: It took 1,164 milliseconds, but should not have lasted longer than 840 milliseconds.",231,158,5,15,http://localhost:1337/?token=492521296&user=2129794066&config=1,1164,0,0
1717019307532,1166,config1,200,OK,config 1 ($ 3700) 1-2,text,false,"The operation lasted too long: It took 1,166 milliseconds, but should not have lasted longer than 840 milliseconds.",231,158,5,15,http://localhost:1337/?token=492521296&user=2129794066&config=1,1166,0,0
1717019307532,1167,config1,200,OK,config 1 ($ 3700) 1-4,text,false,"The operation lasted too long: It took 1,167 milliseconds, but should not have lasted longer than 840 milliseconds.",231,158,5,15,http://localhost:1337/?token=492521296&user=2129794066&config=1,1167,0,0
1717019307532,1168,config1,200,OK,config 1 ($ 3700) 1-3,text,false,"The operation lasted too long: It took 1,168 milliseconds, but should not have lasted longer than 840 milliseconds.",231,158,5,15,http://localhost:1337/?token=492521296&user=2129794066&config=1,1168,0,0
1717019307533,1168,config1,200,OK,config 1 ($ 3700) 1-1,text,false,"The operation lasted too long: It took 1,168 milliseconds, but should not have lasted longer than 840 milliseconds.",231,158,5,15,http://localhost:1337/?token=492521296&user=2129794066&config=1,1168,0,0
1717019308346,378,config 3,200,OK,config 3 ($ 5000) 3-2,text,true,,231,158,5,15,http://localhost:1337/?token=492521296&user=2129794066&config=3,378,0,0
1717019308346,379,config 3,200,OK,config 3 ($ 5000) 3-4,text,true,,231,158,5,15,http://localhost:1337/?token=492521296&user=2129794066&config=3,379,0,0
1717019308346,379,config 3,200,OK,config 3 ($ 5000) 3-5,text,true,,231,158,5,15,http://localhost:1337/?token=492521296&user=2129794066&config=3,379,0,0
1717019308346,380,config 3,200,OK,config 3 ($ 5000) 3-3,text,true,,231,158,5,15,http://localhost:1337/?token=492521296&user=2129794066&config=3,380,0,0
1717019308346,381,config 3,200,OK,config 3 ($ 5000) 3-1,text,true,,231,158,5,15,http://localhost:1337/?token=492521296&user=2129794066&config=3,381,0,0
1717019308724,442,config 3,200,OK,config 3 ($ 5000) 3-2,text,true,,231,158,5,15,http://localhost:1337/?token=492521296&user=2129794066&config=3,442,0,0
1717019308725,441,config 3,200,OK,config 3 ($ 5000) 3-4,text,true,,231,158,5,15,http://localhost:1337/?token=492521296&user=2129794066&config=3,441,0,0
1717019308725,441,config 3,200,OK,config 3 ($ 5000) 3-5,text,true,,231,158,5,15,http://localhost:1337/?token=492521296&user=2129794066&config=3,441,0,0
1717019308727,439,config 3,200,OK,config 3 ($ 5000) 3-1,text,true,,231,158,5,15,http://localhost:1337/?token=492521296&user=2129794066&config=3,439,0,0
1717019308726,440,config 3,200,OK,config 3 ($ 5000) 3-3,text,true,,231,158,5,15,http://localhost:1337/?token=492521296&user=2129794066&config=3,440,0,0
1717019308553,798,config 2,200,OK,config 2 ($ 3700) 2-2,text,true,,231,158,5,15,http://localhost:1337/?token=492521296&user=2129794066&config=2,798,0,0
1717019308554,797,config 2,200,OK,config 2 ($ 3700) 2-4,text,true,,231,158,5,15,http://localhost:1337/?token=492521296&user=2129794066&config=2,797,0,0
1717019308553,800,config 2,200,OK,config 2 ($ 3700) 2-1,text,true,,231,158,5,15,http://localhost:1337/?token=492521296&user=2129794066&config=2,800,0,0
1717019308554,799,config 2,200,OK,config 2 ($ 3700) 2-3,text,true,,231,158,5,15,http://localhost:1337/?token=492521296&user=2129794066&config=2,799,0,0
1717019308576,787,config 2,200,OK,config 2 ($ 3700) 2-5,text,true,,231,158,5,15,http://localhost:1337/?token=492521296&user=2129794066&config=2,787,0,0
1717019309166,431,config 3,200,OK,config 3 ($ 5000) 3-1,text,true,,231,158,5,15,http://localhost:1337/?token=492521296&user=2129794066&config=3,431,0,0
1717019309166,431,config 3,200,OK,config 3 ($ 5000) 3-2,text,true,,231,158,5,15,http://localhost:1337/?token=492521296&user=2129794066&config=3,431,0,0
1717019309166,431,config 3,200,OK,config 3 ($ 5000) 3-3,text,true,,231,158,5,15,http://localhost:1337/?token=492521296&user=2129794066&config=3,431,0,0
1717019309166,432,config 3,200,OK,config 3 ($ 5000) 3-5,text,true,,231,158,5,15,http://localhost:1337/?token=492521296&user=2129794066&config=3,431,0,0
1717019309166,432,config 3,200,OK,config 3 ($ 5000) 3-4,text,true,,231,158,5,15,http://localhost:1337/?token=492521296&user=2129794066&config=3,432,0,0
1717019308697,1192,config1,200,OK,config 1 ($ 3700) 1-5,text,false,"The operation lasted too long: It took 1,192 milliseconds, but should not have lasted longer than 840 milliseconds.",231,158,5,15,http://localhost:1337/?token=492521296&user=2129794066&config=1,1192,0,0
1717019308699,1190,config1,200,OK,config 1 ($ 3700) 1-4,text,false,"The operation lasted too long: It took 1,190 milliseconds, but should not have lasted longer than 840 milliseconds.",231,158,5,15,http://localhost:1337/?token=492521296&user=2129794066&config=1,1190,0,0
1717019308700,1194,config1,200,OK,config 1 ($ 3700) 1-3,text,false,"The operation lasted too long: It took 1,194 milliseconds, but should not have lasted longer than 840 milliseconds.",231,158,5,15,http://localhost:1337/?token=492521296&user=2129794066&config=1,1194,0,0
1717019308699,1195,config1,200,OK,config 1 ($ 3700) 1-2,text,false,"The operation lasted too long: It took 1,195 milliseconds, but should not have lasted longer than 840 milliseconds.",231,158,5,15,http://localhost:1337/?token=492521296&user=2129794066&config=1,1195,0,0
1717019308701,1197,config1,200,OK,config 1 ($ 3700) 1-1,text,false,"The operation lasted too long: It took 1,197 milliseconds, but should not have lasted longer than 840 milliseconds.",231,158,5,15,http://localhost:1337/?token=492521296&user=2129794066&config=1,1197,0,0
1717019309598,413,config 3,200,OK,config 3 ($ 5000) 3-3,text,true,,231,158,5,15,http://localhost:1337/?token=492521296&user=2129794066&config=3,413,0,0
1717019309597,414,config 3,200,OK,config 3 ($ 5000) 3-1,text,true,,231,158,5,15,http://localhost:1337/?token=492521296&user=2129794066&config=3,414,0,0
1717019309597,415,config 3,200,OK,config 3 ($ 5000) 3-2,text,true,,231,158,5,15,http://localhost:1337/?token=492521296&user=2129794066&config=3,415,0,0
1717019309598,415,config 3,200,OK,config 3 ($ 5000) 3-4,text,true,,231,158,5,15,http://localhost:1337/?token=492521296&user=2129794066&config=3,415,0,0
1717019309598,416,config 3,200,OK,config 3 ($ 5000) 3-5,text,true,,231,158,5,15,http://localhost:1337/?token=492521296&user=2129794066&config=3,416,0,0
1717019309351,808,config 2,200,OK,config 2 ($ 3700) 2-4,text,true,,231,158,5,15,http://localhost:1337/?token=492521296&user=2129794066&config=2,808,0,0
1717019309353,806,config 2,200,OK,config 2 ($ 3700) 2-3,text,true,,231,158,5,15,http://localhost:1337/?token=492521296&user=2129794066&config=2,806,0,0
1717019309353,807,config 2,200,OK,config 2 ($ 3700) 2-1,text,true,,231,158,5,15,http://localhost:1337/?token=492521296&user=2129794066&config=2,807,0,0
1717019309353,809,config 2,200,OK,config 2 ($ 3700) 2-2,text,true,,231,158,5,15,http://localhost:1337/?token=492521296&user=2129794066&config=2,809,0,0
1717019309363,807,config 2,200,OK,config 2 ($ 3700) 2-5,text,true,,231,158,5,15,http://localhost:1337/?token=492521296&user=2129794066&config=2,807,0,0
1717019310013,429,config 3,200,OK,config 3 ($ 5000) 3-4,text,true,,231,158,5,15,http://localhost:1337/?token=492521296&user=2129794066&config=3,429,0,0
1717019310012,430,config 3,200,OK,config 3 ($ 5000) 3-3,text,true,,231,158,5,15,http://localhost:1337/?token=492521296&user=2129794066&config=3,430,0,0
1717019310014,430,config 3,200,OK,config 3 ($ 5000) 3-5,text,true,,231,158,5,15,http://localhost:1337/?token=492521296&user=2129794066&config=3,430,0,0
1717019310012,433,config 3,200,OK,config 3 ($ 5000) 3-1,text,true,,231,158,5,15,http://localhost:1337/?token=492521296&user=2129794066&config=3,433,0,0
1717019310013,433,config 3,200,OK,config 3 ($ 5000) 3-2,text,true,,231,158,5,15,http://localhost:1337/?token=492521296&user=2129794066&config=3,433,0,0
1717019310445,461,config 3,200,OK,config 3 ($ 5000) 3-1,text,true,,231,158,5,15,http://localhost:1337/?token=492521296&user=2129794066&config=3,461,0,0
1717019310446,460,config 3,200,OK,config 3 ($ 5000) 3-2,text,true,,231,158,5,15,http://localhost:1337/?token=492521296&user=2129794066&config=3,460,0,0
1717019310443,464,config 3,200,OK,config 3 ($ 5000) 3-3,text,true,,231,158,5,15,http://localhost:1337/?token=492521296&user=2129794066&config=3,464,0,0
1717019310444,463,config 3,200,OK,config 3 ($ 5000) 3-4,text,true,,231,158,5,15,http://localhost:1337/?token=492521296&user=2129794066&config=3,463,0,0
1717019310444,463,config 3,200,OK,config 3 ($ 5000) 3-5,text,true,,231,158,5,15,http://localhost:1337/?token=492521296&user=2129794066&config=3,463,0,0
1717019310159,829,config 2,200,OK,config 2 ($ 3700) 2-3,text,true,,231,158,5,15,http://localhost:1337/?token=492521296&user=2129794066&config=2,829,0,0
1717019310159,829,config 2,200,OK,config 2 ($ 3700) 2-4,text,true,,231,158,5,15,http://localhost:1337/?token=492521296&user=2129794066&config=2,829,0,0
1717019310160,829,config 2,200,OK,config 2 ($ 3700) 2-1,text,true,,231,158,5,15,http://localhost:1337/?token=492521296&user=2129794066&config=2,829,0,0
1717019310162,835,config 2,200,OK,config 2 ($ 3700) 2-2,text,true,,231,158,5,15,http://localhost:1337/?token=492521296&user=2129794066&config=2,835,0,0
1717019310170,834,config 2,200,OK,config 2 ($ 3700) 2-5,text,true,,231,158,5,15,http://localhost:1337/?token=492521296&user=2129794066&config=2,834,0,0
1717019309890,1232,config1,200,OK,config 1 ($ 3700) 1-5,text,false,"The operation lasted too long: It took 1,232 milliseconds, but should not have lasted longer than 840 milliseconds.",231,158,5,15,http://localhost:1337/?token=492521296&user=2129794066&config=1,1232,0,0
1717019309891,1231,config1,200,OK,config 1 ($ 3700) 1-4,text,false,"The operation lasted too long: It took 1,231 milliseconds, but should not have lasted longer than 840 milliseconds.",231,158,5,15,http://localhost:1337/?token=492521296&user=2129794066&config=1,1231,0,0
1717019309894,1229,config1,200,OK,config 1 ($ 3700) 1-2,text,false,"The operation lasted too long: It took 1,229 milliseconds, but should not have lasted longer than 840 milliseconds.",231,158,5,15,http://localhost:1337/?token=492521296&user=2129794066&config=1,1229,0,0
1717019309894,1232,config1,200,OK,config 1 ($ 3700) 1-3,text,false,"The operation lasted too long: It took 1,232 milliseconds, but should not have lasted longer than 840 milliseconds.",231,158,5,15,http://localhost:1337/?token=492521296&user=2129794066&config=1,1232,0,0
1717019309898,1228,config1,200,OK,config 1 ($ 3700) 1-1,text,false,"The operation lasted too long: It took 1,228 milliseconds, but should not have lasted longer than 840 milliseconds.",231,158,5,15,http://localhost:1337/?token=492521296&user=2129794066&config=1,1228,0,0
1717019310907,451,config 3,200,OK,config 3 ($ 5000) 3-1,text,true,,231,158,5,15,http://localhost:1337/?token=492521296&user=2129794066&config=3,451,0,0
1717019310907,454,config 3,200,OK,config 3 ($ 5000) 3-3,text,true,,231,158,5,15,http://localhost:1337/?token=492521296&user=2129794066&config=3,454,0,0
1717019310908,453,config 3,200,OK,config 3 ($ 5000) 3-5,text,true,,231,158,5,15,http://localhost:1337/?token=492521296&user=2129794066&config=3,453,0,0
1717019310907,454,config 3,200,OK,config 3 ($ 5000) 3-4,text,true,,231,158,5,15,http://localhost:1337/?token=492521296&user=2129794066&config=3,454,0,0
1717019310907,454,config 3,200,OK,config 3 ($ 5000) 3-2,text,true,,231,158,5,15,http://localhost:1337/?token=492521296&user=2129794066&config=3,454,0,0
1717019311361,469,config 3,200,OK,config 3 ($ 5000) 3-4,text,true,,231,158,5,15,http://localhost:1337/?token=492521296&user=2129794066&config=3,469,0,0
1717019311360,471,config 3,200,OK,config 3 ($ 5000) 3-1,text,true,,231,158,5,15,http://localhost:1337/?token=492521296&user=2129794066&config=3,471,0,0
1717019311361,471,config 3,200,OK,config 3 ($ 5000) 3-3,text,true,,231,158,5,15,http://localhost:1337/?token=492521296&user=2129794066&config=3,471,0,0
1717019310988,848,config 2,200,OK,config 2 ($ 3700) 2-3,text,false,"The operation lasted too long: It took 848 milliseconds, but should not have lasted longer than 840 milliseconds.",231,158,5,15,http://localhost:1337/?token=492521296&user=2129794066&config=2,848,0,0
1717019311361,476,config 3,200,OK,config 3 ($ 5000) 3-2,text,true,,231,158,5,15,http://localhost:1337/?token=492521296&user=2129794066&config=3,476,0,0
1717019310988,849,config 2,200,OK,config 2 ($ 3700) 2-4,text,false,"The operation lasted too long: It took 849 milliseconds, but should not have lasted longer than 840 milliseconds.",231,158,5,15,http://localhost:1337/?token=492521296&user=2129794066&config=2,849,0,0
1717019310989,850,config 2,200,OK,config 2 ($ 3700) 2-1,text,false,"The operation lasted too long: It took 850 milliseconds, but should not have lasted longer than 840 milliseconds.",231,158,5,15,http://localhost:1337/?token=492521296&user=2129794066&config=2,850,0,0
1717019311361,478,config 3,200,OK,config 3 ($ 5000) 3-5,text,true,,231,158,5,15,http://localhost:1337/?token=492521296&user=2129794066&config=3,478,0,0
1717019310997,853,config 2,200,OK,config 2 ($ 3700) 2-2,text,false,"The operation lasted too long: It took 853 milliseconds, but should not have lasted longer than 840 milliseconds.",231,158,5,15,http://localhost:1337/?token=492521296&user=2129794066&config=2,853,0,0
1717019311004,853,config 2,200,OK,config 2 ($ 3700) 2-5,text,false,"The operation lasted too long: It took 853 milliseconds, but should not have lasted longer than 840 milliseconds.",231,158,5,15,http://localhost:1337/?token=492521296&user=2129794066&config=2,853,0,0
1717019311832,476,config 3,200,OK,config 3 ($ 5000) 3-3,text,true,,231,158,5,15,http://localhost:1337/?token=492521296&user=2129794066&config=3,476,0,0
1717019311830,478,config 3,200,OK,config 3 ($ 5000) 3-4,text,true,,231,158,5,15,http://localhost:1337/?token=492521296&user=2129794066&config=3,478,0,0
1717019311831,478,config 3,200,OK,config 3 ($ 5000) 3-1,text,true,,231,158,5,15,http://localhost:1337/?token=492521296&user=2129794066&config=3,478,0,0
1717019311839,477,config 3,200,OK,config 3 ($ 5000) 3-5,text,true,,231,158,5,15,http://localhost:1337/?token=492521296&user=2129794066&config=3,477,0,0
1717019311837,486,config 3,200,OK,config 3 ($ 5000) 3-2,text,true,,231,158,5,15,http://localhost:1337/?token=492521296&user=2129794066&config=3,486,0,0
1717019311123,1279,config1,200,OK,config 1 ($ 3700) 1-5,text,false,"The operation lasted too long: It took 1,279 milliseconds, but should not have lasted longer than 840 milliseconds.",231,158,5,15,http://localhost:1337/?token=492521296&user=2129794066&config=1,1279,0,0
1717019311124,1278,config1,200,OK,config 1 ($ 3700) 1-2,text,false,"The operation lasted too long: It took 1,278 milliseconds, but should not have lasted longer than 840 milliseconds.",231,158,5,15,http://localhost:1337/?token=492521296&user=2129794066&config=1,1277,0,0
1717019311126,1278,config1,200,OK,config 1 ($ 3700) 1-3,text,false,"The operation lasted too long: It took 1,278 milliseconds, but should not have lasted longer than 840 milliseconds.",231,158,5,15,http://localhost:1337/?token=492521296&user=2129794066&config=1,1278,0,0
1717019311123,1281,config1,200,OK,config 1 ($ 3700) 1-4,text,false,"The operation lasted too long: It took 1,281 milliseconds, but should not have lasted longer than 840 milliseconds.",231,158,5,15,http://localhost:1337/?token=492521296&user=2129794066&config=1,1281,0,0
1717019311127,1279,config1,200,OK,config 1 ($ 3700) 1-1,text,false,"The operation lasted too long: It took 1,279 milliseconds, but should not have lasted longer than 840 milliseconds.",231,158,5,15,http://localhost:1337/?token=492521296&user=2129794066&config=1,1279,0,0
1717019311851,899,config 2,200,OK,config 2 ($ 3700) 2-2,text,false,"The operation lasted too long: It took 899 milliseconds, but should not have lasted longer than 840 milliseconds.",231,158,5,15,http://localhost:1337/?token=492521296&user=2129794066&config=2,899,0,0
1717019311839,911,config 2,200,OK,config 2 ($ 3700) 2-1,text,false,"The operation lasted too long: It took 911 milliseconds, but should not have lasted longer than 840 milliseconds.",231,158,5,15,http://localhost:1337/?token=492521296&user=2129794066&config=2,911,0,0
1717019311837,915,config 2,200,OK,config 2 ($ 3700) 2-3,text,false,"The operation lasted too long: It took 915 milliseconds, but should not have lasted longer than 840 milliseconds.",231,158,5,15,http://localhost:1337/?token=492521296&user=2129794066&config=2,915,0,0
1717019311837,915,config 2,200,OK,config 2 ($ 3700) 2-4,text,false,"The operation lasted too long: It took 915 milliseconds, but should not have lasted longer than 840 milliseconds.",231,158,5,15,http://localhost:1337/?token=492521296&user=2129794066&config=2,915,0,0
1717019311857,895,config 2,200,OK,config 2 ($ 3700) 2-5,text,false,"The operation lasted too long: It took 895 milliseconds, but should not have lasted longer than 840 milliseconds.",231,158,5,15,http://localhost:1337/?token=492521296&user=2129794066&config=2,895,0,0
1717019312309,493,config 3,200,OK,config 3 ($ 5000) 3-1,text,true,,231,158,5,15,http://localhost:1337/?token=492521296&user=2129794066&config=3,493,0,0
1717019312309,493,config 3,200,OK,config 3 ($ 5000) 3-4,text,true,,231,158,5,15,http://localhost:1337/?token=492521296&user=2129794066&config=3,493,0,0
1717019312309,495,config 3,200,OK,config 3 ($ 5000) 3-3,text,true,,231,158,5,15,http://localhost:1337/?token=492521296&user=2129794066&config=3,495,0,0
1717019312316,497,config 3,200,OK,config 3 ($ 5000) 3-5,text,true,,231,158,5,15,http://localhost:1337/?token=492521296&user=2129794066&config=3,497,0,0
1717019312324,496,config 3,200,OK,config 3 ($ 5000) 3-2,text,true,,231,158,5,15,http://localhost:1337/?token=492521296&user=2129794066&config=3,496,0,0
1717019312820,549,config 3,200,OK,config 3 ($ 5000) 3-2,text,true,,231,158,5,15,http://localhost:1337/?token=492521296&user=2129794066&config=3,549,0,0
1717019312802,567,config 3,200,OK,config 3 ($ 5000) 3-1,text,true,,231,158,5,15,http://localhost:1337/?token=492521296&user=2129794066&config=3,567,0,0
1717019312803,567,config 3,200,OK,config 3 ($ 5000) 3-4,text,true,,231,158,5,15,http://localhost:1337/?token=492521296&user=2129794066&config=3,567,0,0
1717019312804,566,config 3,200,OK,config 3 ($ 5000) 3-3,text,true,,231,158,5,15,http://localhost:1337/?token=492521296&user=2129794066&config=3,566,0,0
1717019312813,558,config 3,200,OK,config 3 ($ 5000) 3-5,text,true,,231,158,5,15,http://localhost:1337/?token=492521296&user=2129794066&config=3,558,0,0
1717019312752,923,config 2,200,OK,config 2 ($ 3700) 2-1,text,false,"The operation lasted too long: It took 923 milliseconds, but should not have lasted longer than 840 milliseconds.",231,158,5,15,http://localhost:1337/?token=492521296&user=2129794066&config=2,923,0,0
1717019312752,923,config 2,200,OK,config 2 ($ 3700) 2-2,text,false,"The operation lasted too long: It took 923 milliseconds, but should not have lasted longer than 840 milliseconds.",231,158,5,15,http://localhost:1337/?token=492521296&user=2129794066&config=2,923,0,0
1717019312753,923,config 2,200,OK,config 2 ($ 3700) 2-5,text,false,"The operation lasted too long: It took 923 milliseconds, but should not have lasted longer than 840 milliseconds.",231,158,5,15,http://localhost:1337/?token=492521296&user=2129794066&config=2,923,0,0
1717019312753,924,config 2,200,OK,config 2 ($ 3700) 2-4,text,false,"The operation lasted too long: It took 924 milliseconds, but should not have lasted longer than 840 milliseconds.",231,158,5,15,http://localhost:1337/?token=492521296&user=2129794066&config=2,924,0,0
1717019312752,928,config 2,200,OK,config 2 ($ 3700) 2-3,text,false,"The operation lasted too long: It took 928 milliseconds, but should not have lasted longer than 840 milliseconds.",231,158,5,15,http://localhost:1337/?token=492521296&user=2129794066&config=2,928,0,0
1717019312403,1299,config1,200,OK,config 1 ($ 3700) 1-5,text,false,"The operation lasted too long: It took 1,299 milliseconds, but should not have lasted longer than 840 milliseconds.",231,158,5,15,http://localhost:1337/?token=492521296&user=2129794066&config=1,1299,0,0
1717019312405,1299,config1,200,OK,config 1 ($ 3700) 1-3,text,false,"The operation lasted too long: It took 1,299 milliseconds, but should not have lasted longer than 840 milliseconds.",231,158,5,15,http://localhost:1337/?token=492521296&user=2129794066&config=1,1299,0,0
1717019312407,1299,config1,200,OK,config 1 ($ 3700) 1-1,text,false,"The operation lasted too long: It took 1,299 milliseconds, but should not have lasted longer than 840 milliseconds.",231,158,5,15,http://localhost:1337/?token=492521296&user=2129794066&config=1,1299,0,0
1717019312405,1303,config1,200,OK,config 1 ($ 3700) 1-4,text,false,"The operation lasted too long: It took 1,303 milliseconds, but should not have lasted longer than 840 milliseconds.",231,158,5,15,http://localhost:1337/?token=492521296&user=2129794066&config=1,1303,0,0
1717019312403,1307,config1,200,OK,config 1 ($ 3700) 1-2,text,false,"The operation lasted too long: It took 1,307 milliseconds, but should not have lasted longer than 840 milliseconds.",231,158,5,15,http://localhost:1337/?token=492521296&user=2129794066&config=1,1307,0,0
1717019313371,523,config 3,200,OK,config 3 ($ 5000) 3-5,text,true,,231,158,5,15,http://localhost:1337/?token=492521296&user=2129794066&config=3,523,0,0
1717019313371,524,config 3,200,OK,config 3 ($ 5000) 3-4,text,true,,231,158,5,15,http://localhost:1337/?token=492521296&user=2129794066&config=3,524,0,0
1717019313369,528,config 3,200,OK,config 3 ($ 5000) 3-1,text,true,,231,158,5,15,http://localhost:1337/?token=492521296&user=2129794066&config=3,528,0,0
1717019313371,528,config 3,200,OK,config 3 ($ 5000) 3-3,text,true,,231,158,5,15,http://localhost:1337/?token=492521296&user=2129794066&config=3,528,0,0
1717019313369,532,config 3,200,OK,config 3 ($ 5000) 3-2,text,true,,231,158,5,15,http://localhost:1337/?token=492521296&user=2129794066&config=3,532,0,0
1717019313894,562,config 3,200,OK,config 3 ($ 5000) 3-5,text,true,,231,158,5,15,http://localhost:1337/?token=492521296&user=2129794066&config=3,562,0,0
1717019313895,562,config 3,200,OK,config 3 ($ 5000) 3-4,text,true,,231,158,5,15,http://localhost:1337/?token=492521296&user=2129794066&config=3,562,0,0
1717019313899,564,config 3,200,OK,config 3 ($ 5000) 3-3,text,true,,231,158,5,15,http://localhost:1337/?token=492521296&user=2129794066&config=3,564,0,0
1717019313897,567,config 3,200,OK,config 3 ($ 5000) 3-1,text,true,,231,158,5,15,http://localhost:1337/?token=492521296&user=2129794066&config=3,567,0,0
1717019313901,564,config 3,200,OK,config 3 ($ 5000) 3-2,text,true,,231,158,5,15,http://localhost:1337/?token=492521296&user=2129794066&config=3,564,0,0
1717019313676,939,config 2,200,OK,config 2 ($ 3700) 2-2,text,false,"The operation lasted too long: It took 939 milliseconds, but should not have lasted longer than 840 milliseconds.",231,158,5,15,http://localhost:1337/?token=492521296&user=2129794066&config=2,939,0,0
1717019313676,941,config 2,200,OK,config 2 ($ 3700) 2-1,text,false,"The operation lasted too long: It took 941 milliseconds, but should not have lasted longer than 840 milliseconds.",231,158,5,15,http://localhost:1337/?token=492521296&user=2129794066&config=2,941,0,0
1717019313677,942,config 2,200,OK,config 2 ($ 3700) 2-5,text,false,"The operation lasted too long: It took 942 milliseconds, but should not have lasted longer than 840 milliseconds.",231,158,5,15,http://localhost:1337/?token=492521296&user=2129794066&config=2,942,0,0
1717019313678,943,config 2,200,OK,config 2 ($ 3700) 2-4,text,false,"The operation lasted too long: It took 943 milliseconds, but should not have lasted longer than 840 milliseconds.",231,158,5,15,http://localhost:1337/?token=492521296&user=2129794066&config=2,943,0,0
1717019313680,943,config 2,200,OK,config 2 ($ 3700) 2-3,text,false,"The operation lasted too long: It took 943 milliseconds, but should not have lasted longer than 840 milliseconds.",231,158,5,15,http://localhost:1337/?token=492521296&user=2129794066&config=2,943,0,0
1717019313706,1399,config1,200,OK,config 1 ($ 3700) 1-1,text,false,"The operation lasted too long: It took 1,399 milliseconds, but should not have lasted longer than 840 milliseconds.",231,158,5,15,http://localhost:1337/?token=492521296&user=2129794066&config=1,1399,0,0
1717019313710,1395,config1,200,OK,config 1 ($ 3700) 1-2,text,false,"The operation lasted too long: It took 1,395 milliseconds, but should not have lasted longer than 840 milliseconds.",231,158,5,15,http://localhost:1337/?token=492521296&user=2129794066&config=1,1395,0,0
1717019313704,1402,config1,200,OK,config 1 ($ 3700) 1-3,text,false,"The operation lasted too long: It took 1,402 milliseconds, but should not have lasted longer than 840 milliseconds.",231,158,5,15,http://localhost:1337/?token=492521296&user=2129794066&config=1,1402,0,0
1717019313708,1399,config1,200,OK,config 1 ($ 3700) 1-4,text,false,"The operation lasted too long: It took 1,399 milliseconds, but should not have lasted longer than 840 milliseconds.",231,158,5,15,http://localhost:1337/?token=492521296&user=2129794066&config=1,1399,0,0
1717019314466,641,config 3,200,OK,config 3 ($ 5000) 3-2,text,true,,231,158,5,15,http://localhost:1337/?token=492521296&user=2129794066&config=3,641,0,0
1717019314463,644,config 3,200,OK,config 3 ($ 5000) 3-3,text,true,,231,158,5,15,http://localhost:1337/?token=492521296&user=2129794066&config=3,644,0,0
1717019314457,650,config 3,200,OK,config 3 ($ 5000) 3-4,text,true,,231,158,5,15,http://localhost:1337/?token=492521296&user=2129794066&config=3,650,0,0
1717019314457,650,config 3,200,OK,config 3 ($ 5000) 3-5,text,true,,231,158,5,15,http://localhost:1337/?token=492521296&user=2129794066&config=3,650,0,0
1717019313703,1403,config1,200,OK,config 1 ($ 3700) 1-5,text,false,"The operation lasted too long: It took 1,403 milliseconds, but should not have lasted longer than 840 milliseconds.",231,158,5,15,http://localhost:1337/?token=492521296&user=2129794066&config=1,1403,0,0
1717019314464,643,config 3,200,OK,config 3 ($ 5000) 3-1,text,true,,231,158,5,15,http://localhost:1337/?token=492521296&user=2129794066&config=3,643,0,0
1717019314615,989,config 2,200,OK,config 2 ($ 3700) 2-2,text,false,"The operation lasted too long: It took 989 milliseconds, but should not have lasted longer than 840 milliseconds.",231,158,5,15,http://localhost:1337/?token=492521296&user=2129794066&config=2,989,0,0
1717019314621,992,config 2,200,OK,config 2 ($ 3700) 2-4,text,false,"The operation lasted too long: It took 992 milliseconds, but should not have lasted longer than 840 milliseconds.",231,158,5,15,http://localhost:1337/?token=492521296&user=2129794066&config=2,992,0,0
1717019314619,996,config 2,200,OK,config 2 ($ 3700) 2-5,text,false,"The operation lasted too long: It took 996 milliseconds, but should not have lasted longer than 840 milliseconds.",231,158,5,15,http://localhost:1337/?token=492521296&user=2129794066&config=2,996,0,0
1717019314623,994,config 2,200,OK,config 2 ($ 3700) 2-3,text,false,"The operation lasted too long: It took 994 milliseconds, but should not have lasted longer than 840 milliseconds.",231,158,5,15,http://localhost:1337/?token=492521296&user=2129794066&config=2,994,0,0
1717019314617,1002,config 2,200,OK,config 2 ($ 3700) 2-1,text,false,"The operation lasted too long: It took 1,002 milliseconds, but should not have lasted longer than 840 milliseconds.",231,158,5,15,http://localhost:1337/?token=492521296&user=2129794066&config=2,1002,0,0
1717019315108,607,config 3,200,OK,config 3 ($ 5000) 3-1,text,true,,231,158,5,15,http://localhost:1337/?token=492521296&user=2129794066&config=3,607,0,0
1717019315107,615,config 3,200,OK,config 3 ($ 5000) 3-3,text,true,,231,158,5,15,http://localhost:1337/?token=492521296&user=2129794066&config=3,615,0,0
1717019315107,623,config 3,200,OK,config 3 ($ 5000) 3-2,text,true,,231,158,5,15,http://localhost:1337/?token=492521296&user=2129794066&config=3,623,0,0
1717019315107,624,config 3,200,OK,config 3 ($ 5000) 3-4,text,true,,231,158,5,15,http://localhost:1337/?token=492521296&user=2129794066&config=3,624,0,0
1717019315108,627,config 3,200,OK,config 3 ($ 5000) 3-5,text,true,,231,158,5,15,http://localhost:1337/?token=492521296&user=2129794066&config=3,627,0,0
1717019315715,635,config 3,200,OK,config 3 ($ 5000) 3-1,text,true,,231,158,5,15,http://localhost:1337/?token=492521296&user=2129794066&config=3,635,0,0
1717019315722,639,config 3,200,OK,config 3 ($ 5000) 3-3,text,true,,231,158,5,15,http://localhost:1337/?token=492521296&user=2129794066&config=3,639,0,0
1717019315731,642,config 3,200,OK,config 3 ($ 5000) 3-4,text,true,,231,158,5,15,http://localhost:1337/?token=492521296&user=2129794066&config=3,642,0,0
1717019315730,645,config 3,200,OK,config 3 ($ 5000) 3-2,text,true,,231,158,5,15,http://localhost:1337/?token=492521296&user=2129794066&config=3,645,0,0
1717019315735,650,config 3,200,OK,config 3 ($ 5000) 3-5,text,true,,231,158,5,15,http://localhost:1337/?token=492521296&user=2129794066&config=3,650,0,0
1717019315108,1408,config1,200,OK,config 1 ($ 3700) 1-5,text,false,"The operation lasted too long: It took 1,408 milliseconds, but should not have lasted longer than 840 milliseconds.",231,158,5,15,http://localhost:1337/?token=492521296&user=2129794066&config=1,1408,0,0
1717019315107,1412,config1,200,OK,config 1 ($ 3700) 1-4,text,false,"The operation lasted too long: It took 1,412 milliseconds, but should not have lasted longer than 840 milliseconds.",231,158,5,15,http://localhost:1337/?token=492521296&user=2129794066&config=1,1412,0,0
1717019315106,1418,config1,200,OK,config 1 ($ 3700) 1-1,text,false,"The operation lasted too long: It took 1,418 milliseconds, but should not have lasted longer than 840 milliseconds.",231,158,5,15,http://localhost:1337/?token=492521296&user=2129794066&config=1,1418,0,0
1717019315107,1419,config1,200,OK,config 1 ($ 3700) 1-3,text,false,"The operation lasted too long: It took 1,419 milliseconds, but should not have lasted longer than 840 milliseconds.",231,158,5,15,http://localhost:1337/?token=492521296&user=2129794066&config=1,1419,0,0
1717019315106,1430,config1,200,OK,config 1 ($ 3700) 1-2,text,false,"The operation lasted too long: It took 1,430 milliseconds, but should not have lasted longer than 840 milliseconds.",231,158,5,15,http://localhost:1337/?token=492521296&user=2129794066&config=1,1430,0,0
1717019315605,1024,config 2,200,OK,config 2 ($ 3700) 2-2,text,false,"The operation lasted too long: It took 1,024 milliseconds, but should not have lasted longer than 840 milliseconds.",231,158,5,15,http://localhost:1337/?token=492521296&user=2129794066&config=2,1024,0,0
1717019315613,1029,config 2,200,OK,config 2 ($ 3700) 2-4,text,false,"The operation lasted too long: It took 1,029 milliseconds, but should not have lasted longer than 840 milliseconds.",231,158,5,15,http://localhost:1337/?token=492521296&user=2129794066&config=2,1029,0,0
1717019315616,1029,config 2,200,OK,config 2 ($ 3700) 2-5,text,false,"The operation lasted too long: It took 1,029 milliseconds, but should not have lasted longer than 840 milliseconds.",231,158,5,15,http://localhost:1337/?token=492521296&user=2129794066&config=2,1029,0,0
1717019315617,1039,config 2,200,OK,config 2 ($ 3700) 2-3,text,false,"The operation lasted too long: It took 1,039 milliseconds, but should not have lasted longer than 840 milliseconds.",231,158,5,15,http://localhost:1337/?token=492521296&user=2129794066&config=2,1039,0,0
1717019315620,1037,config 2,200,OK,config 2 ($ 3700) 2-1,text,false,"The operation lasted too long: It took 1,037 milliseconds, but should not have lasted longer than 840 milliseconds.",231,158,5,15,http://localhost:1337/?token=492521296&user=2129794066&config=2,1037,0,0
1717019316376,674,config 3,200,OK,config 3 ($ 5000) 3-2,text,true,,231,158,5,15,http://localhost:1337/?token=492521296&user=2129794066&config=3,674,0,0
1717019316350,700,config 3,200,OK,config 3 ($ 5000) 3-1,text,true,,231,158,5,15,http://localhost:1337/?token=492521296&user=2129794066&config=3,700,0,0
1717019316373,677,config 3,200,OK,config 3 ($ 5000) 3-4,text,true,,231,158,5,15,http://localhost:1337/?token=492521296&user=2129794066&config=3,677,0,0
1717019316361,689,config 3,200,OK,config 3 ($ 5000) 3-3,text,true,,231,158,5,15,http://localhost:1337/?token=492521296&user=2129794066&config=3,689,0,0
1717019316386,665,config 3,200,OK,config 3 ($ 5000) 3-5,text,true,,231,158,5,15,http://localhost:1337/?token=492521296&user=2129794066&config=3,665,0,0
1717019316658,1111,config 2,200,OK,config 2 ($ 3700) 2-1,text,false,"The operation lasted too long: It took 1,111 milliseconds, but should not have lasted longer than 840 milliseconds.",231,158,5,15,http://localhost:1337/?token=492521296&user=2129794066&config=2,1111,0,0
1717019316630,1139,config 2,200,OK,config 2 ($ 3700) 2-2,text,false,"The operation lasted too long: It took 1,139 milliseconds, but should not have lasted longer than 840 milliseconds.",231,158,5,15,http://localhost:1337/?token=492521296&user=2129794066&config=2,1139,0,0
1717019316656,1114,config 2,200,OK,config 2 ($ 3700) 2-3,text,false,"The operation lasted too long: It took 1,114 milliseconds, but should not have lasted longer than 840 milliseconds.",231,158,5,15,http://localhost:1337/?token=492521296&user=2129794066&config=2,1114,0,0
1717019316642,1128,config 2,200,OK,config 2 ($ 3700) 2-4,text,false,"The operation lasted too long: It took 1,128 milliseconds, but should not have lasted longer than 840 milliseconds.",231,158,5,15,http://localhost:1337/?token=492521296&user=2129794066&config=2,1128,0,0
1717019316645,1126,config 2,200,OK,config 2 ($ 3700) 2-5,text,false,"The operation lasted too long: It took 1,126 milliseconds, but should not have lasted longer than 840 milliseconds.",231,158,5,15,http://localhost:1337/?token=492521296&user=2129794066&config=2,1126,0,0
1717019317050,721,config 3,200,OK,config 3 ($ 5000) 3-1,text,true,,231,158,5,15,http://localhost:1337/?token=492521296&user=2129794066&config=3,721,0,0
1717019317050,721,config 3,200,OK,config 3 ($ 5000) 3-2,text,true,,231,158,5,15,http://localhost:1337/?token=492521296&user=2129794066&config=3,721,0,0
1717019317050,721,config 3,200,OK,config 3 ($ 5000) 3-3,text,true,,231,158,5,15,http://localhost:1337/?token=492521296&user=2129794066&config=3,721,0,0
1717019317050,721,config 3,200,OK,config 3 ($ 5000) 3-4,text,true,,231,158,5,15,http://localhost:1337/?token=492521296&user=2129794066&config=3,721,0,0
1717019317051,720,config 3,200,OK,config 3 ($ 5000) 3-5,text,true,,231,158,5,15,http://localhost:1337/?token=492521296&user=2129794066&config=3,720,0,0
1717019316519,1414,config1,200,OK,config 1 ($ 3700) 1-4,text,false,"The operation lasted too long: It took 1,414 milliseconds, but should not have lasted longer than 840 milliseconds.",231,158,5,15,http://localhost:1337/?token=492521296&user=2129794066&config=1,1414,0,0
1717019316516,1419,config1,200,OK,config 1 ($ 3700) 1-5,text,false,"The operation lasted too long: It took 1,419 milliseconds, but should not have lasted longer than 840 milliseconds.",231,158,5,15,http://localhost:1337/?token=492521296&user=2129794066&config=1,1419,0,0
1717019316524,1419,config1,200,OK,config 1 ($ 3700) 1-1,text,false,"The operation lasted too long: It took 1,419 milliseconds, but should not have lasted longer than 840 milliseconds.",231,158,5,15,http://localhost:1337/?token=492521296&user=2129794066&config=1,1419,0,0
1717019316526,1426,config1,200,OK,config 1 ($ 3700) 1-3,text,false,"The operation lasted too long: It took 1,426 milliseconds, but should not have lasted longer than 840 milliseconds.",231,158,5,15,http://localhost:1337/?token=492521296&user=2129794066&config=1,1426,0,0
1717019316539,1423,config1,200,OK,config 1 ($ 3700) 1-2,text,false,"The operation lasted too long: It took 1,423 milliseconds, but should not have lasted longer than 840 milliseconds.",231,158,5,15,http://localhost:1337/?token=492521296&user=2129794066&config=1,1423,0,0
1717019317771,718,config 3,200,OK,config 3 ($ 5000) 3-3,text,true,,231,158,5,15,http://localhost:1337/?token=492521296&user=2129794066&config=3,718,0,0
1717019317771,718,config 3,200,OK,config 3 ($ 5000) 3-2,text,true,,231,158,5,15,http://localhost:1337/?token=492521296&user=2129794066&config=3,718,0,0
1717019317771,718,config 3,200,OK,config 3 ($ 5000) 3-4,text,true,,231,158,5,15,http://localhost:1337/?token=492521296&user=2129794066&config=3,718,0,0
1717019317771,718,config 3,200,OK,config 3 ($ 5000) 3-5,text,true,,231,158,5,15,http://localhost:1337/?token=492521296&user=2129794066&config=3,718,0,0
1717019317771,718,config 3,200,OK,config 3 ($ 5000) 3-1,text,true,,231,158,5,15,http://localhost:1337/?token=492521296&user=2129794066&config=3,718,0,0
1717019317770,1093,config 2,200,OK,config 2 ($ 3700) 2-1,text,false,"The operation lasted too long: It took 1,093 milliseconds, but should not have lasted longer than 840 milliseconds.",231,158,5,15,http://localhost:1337/?token=492521296&user=2129794066&config=2,1093,0,0
1717019317770,1093,config 2,200,OK,config 2 ($ 3700) 2-2,text,false,"The operation lasted too long: It took 1,093 milliseconds, but should not have lasted longer than 840 milliseconds.",231,158,5,15,http://localhost:1337/?token=492521296&user=2129794066&config=2,1093,0,0
1717019317771,1094,config 2,200,OK,config 2 ($ 3700) 2-3,text,false,"The operation lasted too long: It took 1,094 milliseconds, but should not have lasted longer than 840 milliseconds.",231,158,5,15,http://localhost:1337/?token=492521296&user=2129794066&config=2,1094,0,0
1717019317771,1094,config 2,200,OK,config 2 ($ 3700) 2-4,text,false,"The operation lasted too long: It took 1,094 milliseconds, but should not have lasted longer than 840 milliseconds.",231,158,5,15,http://localhost:1337/?token=492521296&user=2129794066&config=2,1094,0,0
1717019317771,1094,config 2,200,OK,config 2 ($ 3700) 2-5,text,false,"The operation lasted too long: It took 1,094 milliseconds, but should not have lasted longer than 840 milliseconds.",231,158,5,15,http://localhost:1337/?token=492521296&user=2129794066&config=2,1094,0,0
1717019318489,591,config 3,200,OK,config 3 ($ 5000) 3-5,text,true,,231,158,5,15,http://localhost:1337/?token=492521296&user=2129794066&config=3,591,0,0
1717019318489,593,config 3,200,OK,config 3 ($ 5000) 3-4,text,true,,231,158,5,15,http://localhost:1337/?token=492521296&user=2129794066&config=3,593,0,0
1717019318489,596,config 3,200,OK,config 3 ($ 5000) 3-1,text,true,,231,158,5,15,http://localhost:1337/?token=492521296&user=2129794066&config=3,596,0,0
1717019318489,598,config 3,200,OK,config 3 ($ 5000) 3-3,text,true,,231,158,5,15,http://localhost:1337/?token=492521296&user=2129794066&config=3,598,0,0
1717019318489,601,config 3,200,OK,config 3 ($ 5000) 3-2,text,true,,231,158,5,15,http://localhost:1337/?token=492521296&user=2129794066&config=3,601,0,0
1717019317933,1396,config1,200,OK,config 1 ($ 3700) 1-4,text,false,"The operation lasted too long: It took 1,396 milliseconds, but should not have lasted longer than 840 milliseconds.",231,158,5,15,http://localhost:1337/?token=492521296&user=2129794066&config=1,1396,0,0
1717019317935,1394,config1,200,OK,config 1 ($ 3700) 1-5,text,false,"The operation lasted too long: It took 1,394 milliseconds, but should not have lasted longer than 840 milliseconds.",231,158,5,15,http://localhost:1337/?token=492521296&user=2129794066&config=1,1394,0,0
1717019317943,1394,config1,200,OK,config 1 ($ 3700) 1-1,text,false,"The operation lasted too long: It took 1,394 milliseconds, but should not have lasted longer than 840 milliseconds.",231,158,5,15,http://localhost:1337/?token=492521296&user=2129794066&config=1,1394,0,0
1717019317952,1421,config1,200,OK,config 1 ($ 3700) 1-3,text,false,"The operation lasted too long: It took 1,421 milliseconds, but should not have lasted longer than 840 milliseconds.",231,158,5,15,http://localhost:1337/?token=492521296&user=2129794066&config=1,1421,0,0
1717019317963,1420,config1,200,OK,config 1 ($ 3700) 1-2,text,false,"The operation lasted too long: It took 1,420 milliseconds, but should not have lasted longer than 840 milliseconds.",231,158,5,15,http://localhost:1337/?token=492521296&user=2129794066&config=1,1420,0,0
1717019319082,581,config 3,200,OK,config 3 ($ 5000) 3-4,text,true,,231,158,5,15,http://localhost:1337/?token=492521296&user=2129794066&config=3,581,0,0
1717019319081,583,config 3,200,OK,config 3 ($ 5000) 3-5,text,true,,231,158,5,15,http://localhost:1337/?token=492521296&user=2129794066&config=3,583,0,0
1717019319085,588,config 3,200,OK,config 3 ($ 5000) 3-1,text,true,,231,158,5,15,http://localhost:1337/?token=492521296&user=2129794066&config=3,588,0,0
1717019319087,587,config 3,200,OK,config 3 ($ 5000) 3-3,text,true,,231,158,5,15,http://localhost:1337/?token=492521296&user=2129794066&config=3,587,0,0
1717019319090,593,config 3,200,OK,config 3 ($ 5000) 3-2,text,true,,231,158,5,15,http://localhost:1337/?token=492521296&user=2129794066&config=3,593,0,0
1717019318865,974,config 2,200,OK,config 2 ($ 3700) 2-2,text,false,"The operation lasted too long: It took 974 milliseconds, but should not have lasted longer than 840 milliseconds.",231,158,5,15,http://localhost:1337/?token=492521296&user=2129794066&config=2,974,0,0
1717019318865,974,config 2,200,OK,config 2 ($ 3700) 2-5,text,false,"The operation lasted too long: It took 974 milliseconds, but should not have lasted longer than 840 milliseconds.",231,158,5,15,http://localhost:1337/?token=492521296&user=2129794066&config=2,974,0,0
1717019318865,977,config 2,200,OK,config 2 ($ 3700) 2-3,text,false,"The operation lasted too long: It took 977 milliseconds, but should not have lasted longer than 840 milliseconds.",231,158,5,15,http://localhost:1337/?token=492521296&user=2129794066&config=2,977,0,0
1717019318865,979,config 2,200,OK,config 2 ($ 3700) 2-4,text,false,"The operation lasted too long: It took 979 milliseconds, but should not have lasted longer than 840 milliseconds.",231,158,5,15,http://localhost:1337/?token=492521296&user=2129794066&config=2,979,0,0
1717019318865,982,config 2,200,OK,config 2 ($ 3700) 2-1,text,false,"The operation lasted too long: It took 982 milliseconds, but should not have lasted longer than 840 milliseconds.",231,158,5,15,http://localhost:1337/?token=492521296&user=2129794066&config=2,982,0,0
1717019319665,663,config 3,200,OK,config 3 ($ 5000) 3-5,text,true,,231,158,5,15,http://localhost:1337/?token=492521296&user=2129794066&config=3,663,0,0
1717019319684,644,config 3,200,OK,config 3 ($ 5000) 3-2,text,true,,231,158,5,15,http://localhost:1337/?token=492521296&user=2129794066&config=3,644,0,0
1717019319674,654,config 3,200,OK,config 3 ($ 5000) 3-1,text,true,,231,158,5,15,http://localhost:1337/?token=492521296&user=2129794066&config=3,654,0,0
1717019319676,652,config 3,200,OK,config 3 ($ 5000) 3-3,text,true,,231,158,5,15,http://localhost:1337/?token=492521296&user=2129794066&config=3,652,0,0
1717019319664,664,config 3,200,OK,config 3 ($ 5000) 3-4,text,true,,231,158,5,15,http://localhost:1337/?token=492521296&user=2129794066&config=3,664,0,0
1717019319337,1379,config1,200,OK,config 1 ($ 3700) 1-1,text,false,"The operation lasted too long: It took 1,379 milliseconds, but should not have lasted longer than 840 milliseconds.",231,158,5,15,http://localhost:1337/?token=492521296&user=2129794066&config=1,1379,0,0
1717019319336,1381,config1,200,OK,config 1 ($ 3700) 1-4,text,false,"The operation lasted too long: It took 1,381 milliseconds, but should not have lasted longer than 840 milliseconds.",231,158,5,15,http://localhost:1337/?token=492521296&user=2129794066&config=1,1381,0,0
1717019319336,1384,config1,200,OK,config 1 ($ 3700) 1-5,text,false,"The operation lasted too long: It took 1,384 milliseconds, but should not have lasted longer than 840 milliseconds.",231,158,5,15,http://localhost:1337/?token=492521296&user=2129794066&config=1,1384,0,0
1717019319375,1390,config1,200,OK,config 1 ($ 3700) 1-3,text,false,"The operation lasted too long: It took 1,390 milliseconds, but should not have lasted longer than 840 milliseconds.",231,158,5,15,http://localhost:1337/?token=492521296&user=2129794066&config=1,1390,0,0
1717019319384,1384,config1,200,OK,config 1 ($ 3700) 1-2,text,false,"The operation lasted too long: It took 1,384 milliseconds, but should not have lasted longer than 840 milliseconds.",231,158,5,15,http://localhost:1337/?token=492521296&user=2129794066&config=1,1384,0,0
1717019319845,977,config 2,200,OK,config 2 ($ 3700) 2-4,text,false,"The operation lasted too long: It took 977 milliseconds, but should not have lasted longer than 840 milliseconds.",231,158,5,15,http://localhost:1337/?token=492521296&user=2129794066&config=2,976,0,0
1717019319841,982,config 2,200,OK,config 2 ($ 3700) 2-5,text,false,"The operation lasted too long: It took 982 milliseconds, but should not have lasted longer than 840 milliseconds.",231,158,5,15,http://localhost:1337/?token=492521296&user=2129794066&config=2,982,0,0
1717019319843,984,config 2,200,OK,config 2 ($ 3700) 2-3,text,false,"The operation lasted too long: It took 984 milliseconds, but should not have lasted longer than 840 milliseconds.",231,158,5,15,http://localhost:1337/?token=492521296&user=2129794066&config=2,984,0,0
1717019319840,988,config 2,200,OK,config 2 ($ 3700) 2-2,text,false,"The operation lasted too long: It took 988 milliseconds, but should not have lasted longer than 840 milliseconds.",231,158,5,15,http://localhost:1337/?token=492521296&user=2129794066&config=2,988,0,0
1717019319848,991,config 2,200,OK,config 2 ($ 3700) 2-1,text,false,"The operation lasted too long: It took 991 milliseconds, but should not have lasted longer than 840 milliseconds.",231,158,5,15,http://localhost:1337/?token=492521296&user=2129794066&config=2,991,0,0
1717019320328,566,config 3,200,OK,config 3 ($ 5000) 3-4,text,true,,231,158,5,15,http://localhost:1337/?token=492521296&user=2129794066&config=3,566,0,0
1717019320328,567,config 3,200,OK,config 3 ($ 5000) 3-1,text,true,,231,158,5,15,http://localhost:1337/?token=492521296&user=2129794066&config=3,567,0,0
1717019320328,570,config 3,200,OK,config 3 ($ 5000) 3-5,text,true,,231,158,5,15,http://localhost:1337/?token=492521296&user=2129794066&config=3,570,0,0
1717019320328,573,config 3,200,OK,config 3 ($ 5000) 3-3,text,true,,231,158,5,15,http://localhost:1337/?token=492521296&user=2129794066&config=3,573,0,0
1717019320328,575,config 3,200,OK,config 3 ($ 5000) 3-2,text,true,,231,158,5,15,http://localhost:1337/?token=492521296&user=2129794066&config=3,575,0,0
1717019320894,578,config 3,200,OK,config 3 ($ 5000) 3-4,text,true,,231,158,5,15,http://localhost:1337/?token=492521296&user=2129794066&config=3,578,0,0
1717019320898,582,config 3,200,OK,config 3 ($ 5000) 3-5,text,true,,231,158,5,15,http://localhost:1337/?token=492521296&user=2129794066&config=3,582,0,0
1717019320896,587,config 3,200,OK,config 3 ($ 5000) 3-1,text,true,,231,158,5,15,http://localhost:1337/?token=492521296&user=2129794066&config=3,587,0,0
1717019320903,587,config 3,200,OK,config 3 ($ 5000) 3-2,text,true,,231,158,5,15,http://localhost:1337/?token=492521296&user=2129794066&config=3,587,0,0
1717019320901,591,config 3,200,OK,config 3 ($ 5000) 3-3,text,true,,231,158,5,15,http://localhost:1337/?token=492521296&user=2129794066&config=3,591,0,0
1717019320822,977,config 2,200,OK,config 2 ($ 3700) 2-4,text,false,"The operation lasted too long: It took 977 milliseconds, but should not have lasted longer than 840 milliseconds.",231,158,5,15,http://localhost:1337/?token=492521296&user=2129794066&config=2,977,0,0
1717019320823,984,config 2,200,OK,config 2 ($ 3700) 2-5,text,false,"The operation lasted too long: It took 984 milliseconds, but should not have lasted longer than 840 milliseconds.",231,158,5,15,http://localhost:1337/?token=492521296&user=2129794066&config=2,984,0,0
1717019320827,983,config 2,200,OK,config 2 ($ 3700) 2-3,text,false,"The operation lasted too long: It took 983 milliseconds, but should not have lasted longer than 840 milliseconds.",231,158,5,15,http://localhost:1337/?token=492521296&user=2129794066&config=2,983,0,0
1717019320828,983,config 2,200,OK,config 2 ($ 3700) 2-2,text,false,"The operation lasted too long: It took 983 milliseconds, but should not have lasted longer than 840 milliseconds.",231,158,5,15,http://localhost:1337/?token=492521296&user=2129794066&config=2,983,0,0
1717019320844,976,config 2,200,OK,config 2 ($ 3700) 2-1,text,false,"The operation lasted too long: It took 976 milliseconds, but should not have lasted longer than 840 milliseconds.",231,158,5,15,http://localhost:1337/?token=492521296&user=2129794066&config=2,976,0,0
1717019321473,548,config 3,200,OK,config 3 ($ 5000) 3-4,text,true,,231,158,5,15,http://localhost:1337/?token=492521296&user=2129794066&config=3,548,0,0
1717019321480,551,config 3,200,OK,config 3 ($ 5000) 3-5,text,true,,231,158,5,15,http://localhost:1337/?token=492521296&user=2129794066&config=3,551,0,0
1717019321483,550,config 3,200,OK,config 3 ($ 5000) 3-1,text,true,,231,158,5,15,http://localhost:1337/?token=492521296&user=2129794066&config=3,550,0,0
1717019321490,552,config 3,200,OK,config 3 ($ 5000) 3-2,text,true,,231,158,5,15,http://localhost:1337/?token=492521296&user=2129794066&config=3,552,0,0
1717019321492,560,config 3,200,OK,config 3 ($ 5000) 3-3,text,true,,231,158,5,15,http://localhost:1337/?token=492521296&user=2129794066&config=3,560,0,0
1717019320718,1355,config1,200,OK,config 1 ($ 3700) 1-4,text,false,"The operation lasted too long: It took 1,355 milliseconds, but should not have lasted longer than 840 milliseconds.",231,158,5,15,http://localhost:1337/?token=492521296&user=2129794066&config=1,1355,0,0
1717019320718,1357,config1,200,OK,config 1 ($ 3700) 1-1,text,false,"The operation lasted too long: It took 1,357 milliseconds, but should not have lasted longer than 840 milliseconds.",231,158,5,15,http://localhost:1337/?token=492521296&user=2129794066&config=1,1357,0,0
1717019320722,1362,config1,200,OK,config 1 ($ 3700) 1-5,text,false,"The operation lasted too long: It took 1,362 milliseconds, but should not have lasted longer than 840 milliseconds.",231,158,5,15,http://localhost:1337/?token=492521296&user=2129794066&config=1,1362,0,0
1717019320769,1365,config1,200,OK,config 1 ($ 3700) 1-2,text,false,"The operation lasted too long: It took 1,365 milliseconds, but should not have lasted longer than 840 milliseconds.",231,158,5,15,http://localhost:1337/?token=492521296&user=2129794066&config=1,1365,0,0
1717019320767,1368,config1,200,OK,config 1 ($ 3700) 1-3,text,false,"The operation lasted too long: It took 1,368 milliseconds, but should not have lasted longer than 840 milliseconds.",231,158,5,15,http://localhost:1337/?token=492521296&user=2129794066&config=1,1368,0,0
1717019322021,553,config 3,200,OK,config 3 ($ 5000) 3-4,text,true,,231,158,5,15,http://localhost:1337/?token=492521296&user=2129794066&config=3,553,0,0
1717019322032,549,config 3,200,OK,config 3 ($ 5000) 3-5,text,true,,231,158,5,15,http://localhost:1337/?token=492521296&user=2129794066&config=3,549,0,0
1717019322033,550,config 3,200,OK,config 3 ($ 5000) 3-1,text,true,,231,158,5,15,http://localhost:1337/?token=492521296&user=2129794066&config=3,550,0,0
1717019322042,567,config 3,200,OK,config 3 ($ 5000) 3-2,text,true,,231,158,5,15,http://localhost:1337/?token=492521296&user=2129794066&config=3,567,0,0
1717019322053,566,config 3,200,OK,config 3 ($ 5000) 3-3,text,true,,231,158,5,15,http://localhost:1337/?token=492521296&user=2129794066&config=3,566,0,0
1717019321800,955,config 2,200,OK,config 2 ($ 3700) 2-4,text,false,"The operation lasted too long: It took 955 milliseconds, but should not have lasted longer than 840 milliseconds.",231,158,5,15,http://localhost:1337/?token=492521296&user=2129794066&config=2,955,0,0
1717019321810,960,config 2,200,OK,config 2 ($ 3700) 2-3,text,false,"The operation lasted too long: It took 960 milliseconds, but should not have lasted longer than 840 milliseconds.",231,158,5,15,http://localhost:1337/?token=492521296&user=2129794066&config=2,960,0,0
1717019321808,964,config 2,200,OK,config 2 ($ 3700) 2-5,text,false,"The operation lasted too long: It took 964 milliseconds, but should not have lasted longer than 840 milliseconds.",231,158,5,15,http://localhost:1337/?token=492521296&user=2129794066&config=2,964,0,0
1717019321811,963,config 2,200,OK,config 2 ($ 3700) 2-2,text,false,"The operation lasted too long: It took 963 milliseconds, but should not have lasted longer than 840 milliseconds.",231,158,5,15,http://localhost:1337/?token=492521296&user=2129794066&config=2,963,0,0
1717019321820,968,config 2,200,OK,config 2 ($ 3700) 2-1,text,false,"The operation lasted too long: It took 968 milliseconds, but should not have lasted longer than 840 milliseconds.",231,158,5,15,http://localhost:1337/?token=492521296&user=2129794066&config=2,968,0,0
1717019322575,551,config 3,200,OK,config 3 ($ 5000) 3-4,text,true,,231,158,5,15,http://localhost:1337/?token=492521296&user=2129794066&config=3,551,0,0
1717019322582,557,config 3,200,OK,config 3 ($ 5000) 3-5,text,true,,231,158,5,15,http://localhost:1337/?token=492521296&user=2129794066&config=3,557,0,0
1717019322583,558,config 3,200,OK,config 3 ($ 5000) 3-1,text,true,,231,158,5,15,http://localhost:1337/?token=492521296&user=2129794066&config=3,558,0,0
1717019322610,564,config 3,200,OK,config 3 ($ 5000) 3-2,text,true,,231,158,5,15,http://localhost:1337/?token=492521296&user=2129794066&config=3,564,0,0
1717019322619,563,config 3,200,OK,config 3 ($ 5000) 3-3,text,true,,231,158,5,15,http://localhost:1337/?token=492521296&user=2129794066&config=3,563,0,0
1717019322075,1362,config1,200,OK,config 1 ($ 3700) 1-1,text,false,"The operation lasted too long: It took 1,362 milliseconds, but should not have lasted longer than 840 milliseconds.",231,158,5,15,http://localhost:1337/?token=492521296&user=2129794066&config=1,1362,0,0
1717019322074,1364,config1,200,OK,config 1 ($ 3700) 1-4,text,false,"The operation lasted too long: It took 1,364 milliseconds, but should not have lasted longer than 840 milliseconds.",231,158,5,15,http://localhost:1337/?token=492521296&user=2129794066&config=1,1364,0,0
1717019322085,1361,config1,200,OK,config 1 ($ 3700) 1-5,text,false,"The operation lasted too long: It took 1,361 milliseconds, but should not have lasted longer than 840 milliseconds.",231,158,5,15,http://localhost:1337/?token=492521296&user=2129794066&config=1,1361,0,0
1717019322135,1366,config1,200,OK,config 1 ($ 3700) 1-2,text,false,"The operation lasted too long: It took 1,366 milliseconds, but should not have lasted longer than 840 milliseconds.",231,158,5,15,http://localhost:1337/?token=492521296&user=2129794066&config=1,1366,0,0
1717019322136,1367,config1,200,OK,config 1 ($ 3700) 1-3,text,false,"The operation lasted too long: It took 1,367 milliseconds, but should not have lasted longer than 840 milliseconds.",231,158,5,15,http://localhost:1337/?token=492521296&user=2129794066&config=1,1367,0,0
1717019323127,545,config 3,200,OK,config 3 ($ 5000) 3-4,text,true,,231,158,5,15,http://localhost:1337/?token=492521296&user=2129794066&config=3,545,0,0
1717019323140,546,config 3,200,OK,config 3 ($ 5000) 3-5,text,true,,231,158,5,15,http://localhost:1337/?token=492521296&user=2129794066&config=3,546,0,0
1717019323142,552,config 3,200,OK,config 3 ($ 5000) 3-1,text,true,,231,158,5,15,http://localhost:1337/?token=492521296&user=2129794066&config=3,552,0,0
1717019322770,945,config 2,200,OK,config 2 ($ 3700) 2-3,text,false,"The operation lasted too long: It took 945 milliseconds, but should not have lasted longer than 840 milliseconds.",231,158,5,15,http://localhost:1337/?token=492521296&user=2129794066&config=2,945,0,0
1717019322756,959,config 2,200,OK,config 2 ($ 3700) 2-4,text,false,"The operation lasted too long: It took 959 milliseconds, but should not have lasted longer than 840 milliseconds.",231,158,5,15,http://localhost:1337/?token=492521296&user=2129794066&config=2,959,0,0
1717019322772,951,config 2,200,OK,config 2 ($ 3700) 2-5,text,false,"The operation lasted too long: It took 951 milliseconds, but should not have lasted longer than 840 milliseconds.",231,158,5,15,http://localhost:1337/?token=492521296&user=2129794066&config=2,951,0,0
1717019322774,951,config 2,200,OK,config 2 ($ 3700) 2-2,text,false,"The operation lasted too long: It took 951 milliseconds, but should not have lasted longer than 840 milliseconds.",231,158,5,15,http://localhost:1337/?token=492521296&user=2129794066&config=2,951,0,0
1717019323174,561,config 3,200,OK,config 3 ($ 5000) 3-2,text,true,,231,158,5,15,http://localhost:1337/?token=492521296&user=2129794066&config=3,561,0,0
1717019322788,952,config 2,200,OK,config 2 ($ 3700) 2-1,text,false,"The operation lasted too long: It took 952 milliseconds, but should not have lasted longer than 840 milliseconds.",231,158,5,15,http://localhost:1337/?token=492521296&user=2129794066&config=2,952,0,0
1717019323192,552,config 3,200,OK,config 3 ($ 5000) 3-3,text,true,,231,158,5,15,http://localhost:1337/?token=492521296&user=2129794066&config=3,552,0,0
1717019323672,557,config 3,200,OK,config 3 ($ 5000) 3-4,text,true,,231,158,5,15,http://localhost:1337/?token=492521296&user=2129794066&config=3,557,0,0
1717019323697,554,config 3,200,OK,config 3 ($ 5000) 3-1,text,true,,231,158,5,15,http://localhost:1337/?token=492521296&user=2129794066&config=3,554,0,0
1717019323686,567,config 3,200,OK,config 3 ($ 5000) 3-5,text,true,,231,158,5,15,http://localhost:1337/?token=492521296&user=2129794066&config=3,567,0,0
1717019323735,551,config 3,200,OK,config 3 ($ 5000) 3-2,text,true,,231,158,5,15,http://localhost:1337/?token=492521296&user=2129794066&config=3,551,0,0
1717019323744,553,config 3,200,OK,config 3 ($ 5000) 3-3,text,true,,231,158,5,15,http://localhost:1337/?token=492521296&user=2129794066&config=3,553,0,0
1717019323715,1016,config 2,200,OK,config 2 ($ 3700) 2-4,text,false,"The operation lasted too long: It took 1,016 milliseconds, but should not have lasted longer than 840 milliseconds.",231,158,5,15,http://localhost:1337/?token=492521296&user=2129794066&config=2,1016,0,0
1717019323715,1016,config 2,200,OK,config 2 ($ 3700) 2-3,text,false,"The operation lasted too long: It took 1,016 milliseconds, but should not have lasted longer than 840 milliseconds.",231,158,5,15,http://localhost:1337/?token=492521296&user=2129794066&config=2,1016,0,0
1717019323725,1006,config 2,200,OK,config 2 ($ 3700) 2-2,text,false,"The operation lasted too long: It took 1,006 milliseconds, but should not have lasted longer than 840 milliseconds.",231,158,5,15,http://localhost:1337/?token=492521296&user=2129794066&config=2,1006,0,0
1717019323740,991,config 2,200,OK,config 2 ($ 3700) 2-1,text,false,"The operation lasted too long: It took 991 milliseconds, but should not have lasted longer than 840 milliseconds.",231,158,5,15,http://localhost:1337/?token=492521296&user=2129794066&config=2,991,0,0
1717019323723,1008,config 2,200,OK,config 2 ($ 3700) 2-5,text,false,"The operation lasted too long: It took 1,008 milliseconds, but should not have lasted longer than 840 milliseconds.",231,158,5,15,http://localhost:1337/?token=492521296&user=2129794066&config=2,1008,0,0
1717019323438,1344,config1,200,OK,config 1 ($ 3700) 1-4,text,false,"The operation lasted too long: It took 1,344 milliseconds, but should not have lasted longer than 840 milliseconds.",231,158,5,15,http://localhost:1337/?token=492521296&user=2129794066&config=1,1344,0,0
1717019323437,1347,config1,200,OK,config 1 ($ 3700) 1-1,text,false,"The operation lasted too long: It took 1,347 milliseconds, but should not have lasted longer than 840 milliseconds.",231,158,5,15,http://localhost:1337/?token=492521296&user=2129794066&config=1,1347,0,0
1717019323446,1350,config1,200,OK,config 1 ($ 3700) 1-5,text,false,"The operation lasted too long: It took 1,350 milliseconds, but should not have lasted longer than 840 milliseconds.",231,158,5,15,http://localhost:1337/?token=492521296&user=2129794066&config=1,1350,0,0
1717019324229,572,config 3,200,OK,config 3 ($ 5000) 3-4,text,true,,231,158,5,15,http://localhost:1337/?token=492521296&user=2129794066&config=3,572,0,0
1717019324253,558,config 3,200,OK,config 3 ($ 5000) 3-5,text,true,,231,158,5,15,http://localhost:1337/?token=492521296&user=2129794066&config=3,558,0,0
1717019324251,562,config 3,200,OK,config 3 ($ 5000) 3-1,text,true,,231,158,5,15,http://localhost:1337/?token=492521296&user=2129794066&config=3,562,0,0
1717019324286,563,config 3,200,OK,config 3 ($ 5000) 3-2,text,true,,231,158,5,15,http://localhost:1337/?token=492521296&user=2129794066&config=3,563,0,0
1717019324297,560,config 3,200,OK,config 3 ($ 5000) 3-3,text,true,,231,158,5,15,http://localhost:1337/?token=492521296&user=2129794066&config=3,560,0,0
1717019323501,1356,config1,200,OK,config 1 ($ 3700) 1-2,text,false,"The operation lasted too long: It took 1,356 milliseconds, but should not have lasted longer than 840 milliseconds.",231,158,5,15,http://localhost:1337/?token=492521296&user=2129794066&config=1,1356,0,0
1717019323503,1357,config1,200,OK,config 1 ($ 3700) 1-3,text,false,"The operation lasted too long: It took 1,357 milliseconds, but should not have lasted longer than 840 milliseconds.",231,158,5,15,http://localhost:1337/?token=492521296&user=2129794066&config=1,1357,0,0
1717019324800,562,config 3,200,OK,config 3 ($ 5000) 3-4,text,true,,231,158,5,15,http://localhost:1337/?token=492521296&user=2129794066&config=3,562,0,0
1717019324810,556,config 3,200,OK,config 3 ($ 5000) 3-5,text,true,,231,158,5,15,http://localhost:1337/?token=492521296&user=2129794066&config=3,556,0,0
1717019324812,558,config 3,200,OK,config 3 ($ 5000) 3-1,text,true,,231,158,5,15,http://localhost:1337/?token=492521296&user=2129794066&config=3,558,0,0
1717019324849,563,config 3,200,OK,config 3 ($ 5000) 3-2,text,true,,231,158,5,15,http://localhost:1337/?token=492521296&user=2129794066&config=3,563,0,0
1717019324857,563,config 3,200,OK,config 3 ($ 5000) 3-3,text,true,,231,158,5,15,http://localhost:1337/?token=492521296&user=2129794066&config=3,563,0,0
1717019324731,951,config 2,200,OK,config 2 ($ 3700) 2-3,text,false,"The operation lasted too long: It took 951 milliseconds, but should not have lasted longer than 840 milliseconds.",231,158,5,15,http://localhost:1337/?token=492521296&user=2129794066&config=2,951,0,0
1717019324731,954,config 2,200,OK,config 2 ($ 3700) 2-2,text,false,"The operation lasted too long: It took 954 milliseconds, but should not have lasted longer than 840 milliseconds.",231,158,5,15,http://localhost:1337/?token=492521296&user=2129794066&config=2,954,0,0
1717019324731,956,config 2,200,OK,config 2 ($ 3700) 2-5,text,false,"The operation lasted too long: It took 956 milliseconds, but should not have lasted longer than 840 milliseconds.",231,158,5,15,http://localhost:1337/?token=492521296&user=2129794066&config=2,956,0,0
1717019324731,958,config 2,200,OK,config 2 ($ 3700) 2-1,text,false,"The operation lasted too long: It took 958 milliseconds, but should not have lasted longer than 840 milliseconds.",231,158,5,15,http://localhost:1337/?token=492521296&user=2129794066&config=2,958,0,0
1717019324731,961,config 2,200,OK,config 2 ($ 3700) 2-4,text,false,"The operation lasted too long: It took 961 milliseconds, but should not have lasted longer than 840 milliseconds.",231,158,5,15,http://localhost:1337/?token=492521296&user=2129794066&config=2,961,0,0
1717019325366,545,config 3,200,OK,config 3 ($ 5000) 3-5,text,true,,231,158,5,15,http://localhost:1337/?token=492521296&user=2129794066&config=3,545,0,0
1717019325362,551,config 3,200,OK,config 3 ($ 5000) 3-4,text,true,,231,158,5,15,http://localhost:1337/?token=492521296&user=2129794066&config=3,551,0,0
1717019325370,553,config 3,200,OK,config 3 ($ 5000) 3-1,text,true,,231,158,5,15,http://localhost:1337/?token=492521296&user=2129794066&config=3,553,0,0
1717019325412,549,config 3,200,OK,config 3 ($ 5000) 3-2,text,true,,231,158,5,15,http://localhost:1337/?token=492521296&user=2129794066&config=3,549,0,0
1717019325420,557,config 3,200,OK,config 3 ($ 5000) 3-3,text,true,,231,158,5,15,http://localhost:1337/?token=492521296&user=2129794066&config=3,557,0,0
1717019324781,1374,config1,200,OK,config 1 ($ 3700) 1-4,text,false,"The operation lasted too long: It took 1,374 milliseconds, but should not have lasted longer than 840 milliseconds.",231,158,5,15,http://localhost:1337/?token=492521296&user=2129794066&config=1,1374,0,0
1717019324783,1385,config1,200,OK,config 1 ($ 3700) 1-1,text,false,"The operation lasted too long: It took 1,385 milliseconds, but should not have lasted longer than 840 milliseconds.",231,158,5,15,http://localhost:1337/?token=492521296&user=2129794066&config=1,1385,0,0
1717019324795,1374,config1,200,OK,config 1 ($ 3700) 1-5,text,false,"The operation lasted too long: It took 1,374 milliseconds, but should not have lasted longer than 840 milliseconds.",231,158,5,15,http://localhost:1337/?token=492521296&user=2129794066&config=1,1374,0,0
1717019324857,1365,config1,200,OK,config 1 ($ 3700) 1-2,text,false,"The operation lasted too long: It took 1,365 milliseconds, but should not have lasted longer than 840 milliseconds.",231,158,5,15,http://localhost:1337/?token=492521296&user=2129794066&config=1,1365,0,0
1717019324859,1366,config1,200,OK,config 1 ($ 3700) 1-3,text,false,"The operation lasted too long: It took 1,366 milliseconds, but should not have lasted longer than 840 milliseconds.",231,158,4,14,http://localhost:1337/?token=492521296&user=2129794066&config=1,1366,0,0
1717019325911,557,config 3,200,OK,config 3 ($ 5000) 3-5,text,true,,231,158,5,13,http://localhost:1337/?token=492521296&user=2129794066&config=3,557,0,0
1717019325923,552,config 3,200,OK,config 3 ($ 5000) 3-1,text,true,,231,158,4,12,http://localhost:1337/?token=492521296&user=2129794066&config=3,552,0,0
1717019325913,565,config 3,200,OK,config 3 ($ 5000) 3-4,text,true,,231,158,3,11,http://localhost:1337/?token=492521296&user=2129794066&config=3,565,0,0
1717019325962,550,config 3,200,OK,config 3 ($ 5000) 3-2,text,true,,231,158,2,10,http://localhost:1337/?token=492521296&user=2129794066&config=3,550,0,0
1717019325977,556,config 3,200,OK,config 3 ($ 5000) 3-3,text,true,,231,158,1,9,http://localhost:1337/?token=492521296&user=2129794066&config=3,556,0,0
1717019325683,963,config 2,200,OK,config 2 ($ 3700) 2-3,text,false,"The operation lasted too long: It took 963 milliseconds, but should not have lasted longer than 840 milliseconds.",231,158,5,8,http://localhost:1337/?token=492521296&user=2129794066&config=2,963,0,0
1717019325685,963,config 2,200,OK,config 2 ($ 3700) 2-2,text,false,"The operation lasted too long: It took 963 milliseconds, but should not have lasted longer than 840 milliseconds.",231,158,4,7,http://localhost:1337/?token=492521296&user=2129794066&config=2,963,0,0
1717019325692,958,config 2,200,OK,config 2 ($ 3700) 2-4,text,false,"The operation lasted too long: It took 958 milliseconds, but should not have lasted longer than 840 milliseconds.",231,158,3,6,http://localhost:1337/?token=492521296&user=2129794066&config=2,958,0,0
1717019325687,965,config 2,200,OK,config 2 ($ 3700) 2-5,text,false,"The operation lasted too long: It took 965 milliseconds, but should not have lasted longer than 840 milliseconds.",231,158,2,5,http://localhost:1337/?token=492521296&user=2129794066&config=2,965,0,0
1717019325689,965,config 2,200,OK,config 2 ($ 3700) 2-1,text,false,"The operation lasted too long: It took 965 milliseconds, but should not have lasted longer than 840 milliseconds.",231,158,1,4,http://localhost:1337/?token=492521296&user=2129794066&config=2,965,0,0
1717019326168,1429,config1,200,OK,config 1 ($ 3700) 1-1,text,false,"The operation lasted too long: It took 1,429 milliseconds, but should not have lasted longer than 840 milliseconds.",231,158,3,3,http://localhost:1337/?token=492521296&user=2129794066&config=1,1429,0,0
1717019326156,1442,config1,200,OK,config 1 ($ 3700) 1-4,text,false,"The operation lasted too long: It took 1,442 milliseconds, but should not have lasted longer than 840 milliseconds.",231,158,3,3,http://localhost:1337/?token=492521296&user=2129794066&config=1,1442,0,0
1717019326169,1428,config1,200,OK,config 1 ($ 3700) 1-5,text,false,"The operation lasted too long: It took 1,428 milliseconds, but should not have lasted longer than 840 milliseconds.",231,158,3,3,http://localhost:1337/?token=492521296&user=2129794066&config=1,1428,0,0
